Field,Description,NTRLDescription,NTRLName
Location, Bureau of Meteorology Station Number.,This attribute refers to the station number of the weather station taking the measurements.</li><li>Commonly referred to as Location in our database.,Weather Station
DMY, Day month year in DD/MM/YYYY format.,"This attribute refers to the day, month, and year that the measurement was recorded. Typically displayed in YYYY-MM-DD format.</li><li>Commonly referred to as Date in our database.",Date
Precipitation, Precipitation in the 24 hours before 9am (local time). In mm.,"This attribute refers to the total amount of rainfall recorded, in millimetres, in the past 24 hours before 9am local time.</li><li>Commonly referred to as Precipitation in our database.",Rainfall
PrecipitationQual, * Quality of precipitation value.,"This attribute refers to the quality of the Rainfall data recorded, and whether or not the measurement is quality controlled. Refer to the dataset FlagQuality for definitions of specific quality flags.</li><li>Commonly referred to as PrecipitationQual in our database.",Quality of Rainfall Data
RainDaysNum, Number of days of rain within the days of accumulation.,"This attribute refers to how many days of rainfall were recorded within the amount of days measured, as our data is recorded per day, this value is typically 1, 0, or has no value.</li><li>Commonly referred to as RainDaysNum in our database.",Number of Rainy Days
RainDaysMeasure, Accumulated number of days over which the precipitation was measured.,"This attribute refers to the total number of days over which the rainfall was measured. As our data is recorded per day, this value is typically 1, or has no value as no measurement was taken on a given day.</li><li>Commonly referred to as RainDaysMeasure in our database.",Days Measured for Rain
Evaporation, Evaporation in 24 hours before 9am (local time). In mm.,"This attribute refers to the amount of evaporation measured in the last 24 hours before 9am (local time), in millimetres.</li><li>Commonly referred to as Evaporation in our database.",Evaporation
EvaporationQual, * Quality of evaporation in 24 hours before 9am (local time).,"This attribute refers to the quality of the Evaporation data recorded, and whether or not the measurement is quality controlled. Refer to the dataset FlagQuality for definitions of specific quality flags.</li><li>Commonly referred to as EvaporationQual in our database.",Quality of Evaporation Data
EvapDaysNum, Days of accumulation for evaporation.,"This attribute refers to the total number of days over which the related measurement was taken. As our data is recorded per day, this value is typically 1, or has no value as no measurement was taken on a given day</li><li>Commonly referred to as EvapDaysNum in our database.",Days Measured for Evaporation
MaxTemp, Maximum temperature in 24 hours after 9am (local time). In Degrees C.,"This attribute refers to the maximum temperature recorded in 24 hours before 9 am (local time), and is measured in Degrees C.</li><li>Commonly referred to as MaxTemp in our database.",Maximum Temperature
MaxTempQual, * Quality of maximum temperature in 24 hours after 9am (local time).,"This attribute refers to the quality of the Maximum Temperature data recorded, and whether or not the measurement is quality controlled. Refer to the dataset FlagQuality for definitions of specific quality flags.</li><li>Commonly referred to as MaxTempQual in our database.",Quality of Maximum Temperature Data
MaxTempDays, Days of accumulation of maximum temperature.,"This attribute refers to the total number of days over which the related measurement was taken. As our data is recorded per day, this value is typically 1, or has no value as no measurement was taken on a given day</li><li>Commonly referred to as MaxTempDays in our database.",Days Measured for Maximum Temperature
MinTemp, Minimum temperature in 24 hours before 9am (local time). In Degrees C.,"This attribute refers to the minimum temperature recorded in 24 hours before 9am (local time), and is measured in Degrees C.</li><li>Commonly referred to as MinTemp in our database.",Minimum Temperature
MinTempQual, * Quality of minimum temperature in 24 hours before 9am (local time).,"This attribute refers to the quality of the Minimum Temperature data recorded, and whether or not the measurement is quality controlled. Refer to the dataset FlagQuality for definitions of specific quality flags.</li><li>Commonly referred to as MinTempQual in our database.",Quality of Minimum Temperature Data
MinTempDays, Days of accumulation of minimum temperature.,"This attribute refers to the total number of days over which the related measurement was taken. As our data is recorded per day, this value is typically 1, or has no value as no measurement was taken on a given day</li><li>Commonly referred to as MinTempDays in our database.",Days Measured for Minimum Temperature
Humid00, -*- Relative humidity for observation at 00 hours Local Time. In percentage %.,"This attribute refers to the percentage humidity recorded at 12:00am, or 00,00 hours in 24-hour time.</li><li>Commonly referred to as Humid00 in our database.",Humidity at 12:00am
Humid00Qual, * Quality of relative humidity for observation at 00 hours Local Time.,"This attribute refers to the quality of the Humidity data recorded at 12:00am, and whether or not the measurement is quality controlled. Refer to the dataset FlagQuality for definitions of specific quality flags.</li><li>Commonly referred to as Humid00Qual in our database.",Quality of Humidity Data at 12:00am
Humid03, -*- Relative humidity for observation at 03 hours Local Time. In percentage %.,"This attribute refers to the percentage humidity recorded at 3:00am, or 03,00 hours in 24-hour time.</li><li>Commonly referred to as Humid03 in our database.",Humidity at 3:00am
Humid03QUal, * Quality of relative humidity for observation at 03 hours Local Time.,"This attribute refers to the quality of the  Humidity data recorded at 3:00am, and whether or not the measurement is quality controlled. Refer to the dataset FlagQuality for definitions of specific quality flags.</li><li>Commonly referred to as Humid03Qual in our database.",Quality of Humidity Data at 3:00am
Humid06, -*- Relative humidity for observation at 06 hours Local Time. In percentage %.,"This attribute refers to the percentage humidity recorded at 6:00am, or 06,00 hours in 24-hour time.</li><li>Commonly referred to as Humid06 in our database.",Humidity at 6:00am
Humid06Qual, * Quality of relative humidity for observation at 06 hours Local Time.,"This attribute refers to the quality of the  Humidity data recorded at 6:00am, and whether or not the measurement is quality controlled. Refer to the dataset FlagQuality for definitions of specific quality flags.</li><li>Commonly referred to as Humid06Qual in our database.",Quality of Humidity Data at 6:00am
Humid09, -*- Relative humidity for observation at 09 hours Local Time. In percentage %.,"This attribute refers to the percentage humidity recorded at 9:00am, or 09,00 hours in 24-hour time.</li><li>Commonly referred to as Humid09 in our database.",Humidity at 9:00am
Humid09Qual, * Quality of relative humidity for observation at 09 hours Local Time.,"This attribute refers to the quality of the Humidity data recorded at 9:00am, and whether or not the measurement is quality controlled. Refer to the dataset FlagQuality for definitions of specific quality flags.</li><li>Commonly referred to as Humid09Qual in our database.",Quality of Humidity Data at 9:00am
Humid12, -*- Relative humidity for observation at 12 hours Local Time. In percentage %.,"This attribute refers to the percentage humidity recorded at 12:00pm, or 12,00 hours in 24-hour time.</li><li>Commonly referred to as Humid12 in our database.",Humidity at 12:00pm
Humid12Qual, * Quality of relative humidity for observation at 12 hours Local Time.,"This attribute refers to the quality of the Humidity data recorded at 12:00pm, and whether or not the measurement is quality controlled. Refer to the dataset FlagQuality for definitions of specific quality flags.</li><li>Commonly referred to as Humid12Qual in our database.",Quality of Humidity Data at 12:00pm
Humid15, -*- Relative humidity for observation at 15 hours Local Time. In percentage %.,"This attribute refers to the percentage humidity recorded at 3:00pm, or 15,00 hours in 24-hour time.</li><li>Commonly referred to as Humid15Qual in our database.",Humidity at 3:00pm
Humid15Qual, * Quality of relative humidity for observation at 15 hours Local Time.,"This attribute refers to the quality of the Humidity data recorded at 3:00pm, and whether or not the measurement is quality controlled. Refer to the dataset FlagQuality for definitions of specific quality flags.</li><li>Commonly referred to as Humid15Qual in our database.",Quality of Humidity Data at 3:00pm
Humid18, -*- Relative humidity for observation at 18 hours Local Time. In percentage %.,"This attribute refers to the percentage humidity recorded at 6:00pm, or 18,00 hours in 24-hour time.</li><li>Commonly referred to as Humid18 in our database.",Humidity at 6:00pm
Humid18Qual, * Quality of relative humidity for observation at 18 hours Local Time.,"This attribute refers to the quality of the Humidity data recorded at 6:00pm, and whether or not the measurement is quality controlled. Refer to the dataset FlagQuality for definitions of specific quality flags.</li><li>Commonly referred to as Humid18Qual in our database.",Quality of Humidity Data at 6:00pm
Humid21, -*- Relative humidity for observation at 21 hours Local Time. In percentage %.,"This attribute refers to the percentage humidity recorded at 9:00pm, or 21,00 hours in 24-hour time.</li><li>Commonly referred to as Humid21 in our database.",Humidity at 9:00pm
Humid21Qual, * Quality of relative humidity for observation at 21 hours Local Time.,"This attribute refers to the quality of the Humidity data recorded at 9:00pm, and whether or not the measurement is quality controlled. Refer to the dataset FlagQuality for definitions of specific quality flags.</li><li>Commonly referred to as Humid21Qual in our database.",Quality of Humidity Data at 9:00pm
Sunshine, Number of hours of bright sunshine in the 24 hours midnight to midnight (local time).,This attribute refers to the number of hours of sunshine recorded in the 24 hours between midnight to midnight (local time).</li><li>Commonly referred to as Sunshine in our database.,Sunshine
SunshineQual, * Quality of sunshine information.,"This attribute refers to the quality of the Sunshine data recorded, and whether or not the measurement is quality controlled. Refer to the dataset FlagQuality for definitions of specific quality flags.</li><li>Commonly referred to as SunshineQual in our database.",Quality of Sunshine Data
Okta00, Total cloud amount at 00 hours Local Time,"This attribute refers to the total amount of cloud coverage at 12:00am, or 00,00 hours in 24-hour time.</li><li>Commonly referred to as Okta00 in our database.",Clouds at 12:00am
Okta00Qual, * Quality of total cloud amount at 00 hours Local Time.,"This attribute refers to the quality of the Cloud data recorded at 12:00am, and whether or not the measurement is quality controlled. Refer to the dataset FlagQuality for definitions of specific quality flags.</li><li>Commonly referred to as Okta00Qual in our database.",Quality of Cloud Data at 12:00am
Okta03, Total cloud amount at 03 hours Local Time,"This attribute refers to the total amount of cloud coverage at 3:00am, or 03,00 hours in 24-hour time.</li><li>Commonly referred to as Okta03 in our database.",Clouds at 3:00am
Okta03Qual, * Quality of total cloud amount at 03 hours Local Time.,"This attribute refers to the quality of the Cloud data recorded at 3:00am, and whether or not the measurement is quality controlled. Refer to the dataset FlagQuality for definitions of specific quality flags.</li><li>Commonly referred to as Okta03Qual in our database.",Quality of Cloud Data at 3:00am
Okta06, Total cloud amount at 06 hours Local Time,"This attribute refers to the total amount of cloud coverage at 6:00am, or 06,00 hours in 24-hour time.</li><li>Commonly referred to as Okta06 in our database.",Clouds at 6:00am
Okta06Qual, * Quality of total cloud amount at 06 hours Local Time.,"This attribute refers to the quality of the Cloud data recorded at 6:00am, and whether or not the measurement is quality controlled. Refer to the dataset FlagQuality for definitions of specific quality flags.</li><li>Commonly referred to as Okta06Qual in our database.",Quality of Cloud Data at 6:00am
Okta09, Total cloud amount at 09 hours Local Time,"This attribute refers to the total amount of cloud coverage at 9:00am, or 09,00 hours in 24-hour time.</li><li>Commonly referred to as Okta09 in our database.",Clouds at 9:00am
Okta09Qual, * Quality of total cloud amount at 09 hours Local Time.,"This attribute refers to the quality of the Cloud data recorded at 9:00am, and whether or not the measurement is quality controlled. Refer to the dataset FlagQuality for definitions of specific quality flags.</li><li>Commonly referred to as Okta09Qual in our database.",Quality of Cloud Data at 9:00am
Okta12, Total cloud amount at 12 hours Local Time,"This attribute refers to the total amount of cloud coverage at 12:00pm, or 12,00 hours in 24-hour time.</li><li>Commonly referred to as Okta12 in our database.",Clouds at 12:00pm
Okta12Qual, * Quality of total cloud amount at 12 hours Local Time.,"This attribute refers to the quality of the Cloud data recorded at 12:00pm, and whether or not the measurement is quality controlled. Refer to the dataset FlagQuality for definitions of specific quality flags.</li><li>Commonly referred to as Okta12Qual in our database.",Quality of Cloud Data at 12:00pm
Okta15, Total cloud amount at 15 hours Local Time,"This attribute refers to the total amount of cloud coverage at 3:00pm, or 15,00 hours in 24-hour time.</li><li>Commonly referred to as Okta15 in our database.",Clouds at 3:00pm
Okta15Qual, * Quality of total cloud amount at 15 hours Local Time.,"This attribute refers to the quality of the Cloud data recorded at 3:00pm, and whether or not the measurement is quality controlled. Refer to the dataset FlagQuality for definitions of specific quality flags.</li><li>Commonly referred to as Okta15Qual in our database.",Quality of Cloud Data at 3:00pm
Okta18, Total cloud amount at 18 hours Local Time,"This attribute refers to the total amount of cloud coverage at 6:00pm, or 18,00 hours in 24-hour time.</li><li>Commonly referred to as Okta18 in our database.",Clouds at 6:00pm
Okta18Qual, * Quality of total cloud amount at 18 hours Local Time.,"This attribute refers to the quality of the Cloud data recorded at 6:00pm, and whether or not the measurement is quality controlled. Refer to the dataset FlagQuality for definitions of specific quality flags.</li><li>Commonly referred to as Okta18Qual in our database.",Quality of Cloud Data at 6:00pm
Okta21, Total cloud amount at 21 hours Local Time,"This attribute refers to the total amount of cloud coverage at 9:00pm, or 21,00 hours in 24-hour time.</li><li>Commonly referred to as Okta21 in our database.",Clouds at 9:00pm
Okta21Qual, * Quality of total cloud amount at 21 hours Local Time.,"This attribute refers to the quality of the Cloud data recorded at 9:00pm, and whether or not the measurement is quality controlled. Refer to the dataset FlagQuality for definitions of specific quality flags.</li><li>Commonly referred to as Okta21Qual in our database.",Quality of Cloud Data at 9:00pm
,,This attribute refers to the unique station number of a given station.,Station Number
,,This attribute refers to the name of the weather station.,Station Name
,,"This attribute refers to the Latitude of the weather station, used for finding GPS location.",Latitude
,,"This attribute refers to the Longitude of the weather station, used for finding GPS location.",Longitude
,,This attribute refers to the State in which a weather station resides.,State
,,This attribute refers to the region within a state that a specific weather station can be located.,Region
